Workbook

Sheet Matriz de riesgos
A1: Práctica 7. Matriz de Riesgos: Sistema de Control Escolar de Servicio Social y Residencia Profesional
A2: Los hallazgos citan archivo y línea; no se copia ningún valor de contraseñas o credenciales. Exposición = Probabilidad × Impacto.
A4: ID | B4: Descripción | C4: Categoría | D4: Evidencia (archivo / ubicación) | E4: Probabilidad (1-5) | F4: Impacto (1-5) | G4: Exposición (P×I) | H4: Nivel | I4: Justificación | J4: Estrategia | K4: Acción concreta
A5: R01 | B5: Credenciales de la BD remota (Clever Cloud) en texto plano dentro del código. | C5: Seguridad | D5: Modelos/ConexionBD.php, líneas 7-12 (host y conexión PDO). | E5: 4 | F5: 5 | G5: =E5*F5 -> 20 | H5: =IF(G5>=20,"Crítico",IF(G5>=15,"Alto",IF(G5>=8,"Medio","Bajo"))) -> Crítico | I5: Repositorio público: cualquiera ve el host y el usuario. Si el servidor sigue activo, hay acceso a datos de alumnos. | J5: Mitigar | K5: Confirmar con el responsable si el servidor sigue activo (sin conectarse), dar de baja o rotar las credenciales y moverlas a variables de entorno fuera del repositorio.
A6: R02 | B6: Contraseñas de usuarios almacenadas y comparadas en texto plano. | C6: Seguridad | D6: Columna clave en los 3 archivos .sql; el login compara directamente la clave recibida con la almacenada en Controladores/usuariosC.php, método IniciarSesionC(), línea 91. También almacena la clave en $_SESSION["clave"] (usuariosC.php, línea 99). | E6: 4 | F6: 5 | G6: =E6*F6 -> 20 | H6: =IF(G6>=20,"Crítico",IF(G6>=15,"Alto",IF(G6>=8,"Medio","Bajo"))) -> Crítico | I6: Contraseñas en texto plano en la BD y en los .sql públicos; un solo acceso expone todas las cuentas. | J6: Mitigar | K6: Migrar a password_hash() / password_verify(), cifrar las contraseñas existentes y forzar el restablecimiento de contraseña a todos los usuarios.
A7: R03 | B7: Contraseña de la cuenta de correo en texto plano. | C7: Seguridad | D7: Controladores/EnviarCorreo.php, línea 24. | E7: 4 | F7: 3 | G7: =E7*F7 -> 12 | H7: =IF(G7>=20,"Crítico",IF(G7>=15,"Alto",IF(G7>=8,"Medio","Bajo"))) -> Medio | I7: Cuenta de correo institucional expuesta; permite suplantar o enviar correos falsos, pero no da acceso a la BD. | J7: Mitigar | K7: Cambiar la contraseña de la cuenta de correo, usar una contraseña de aplicación y guardarla fuera del código.
A8: R04 | B8: Clave secreta y vector de inicialización fijos en el código. | C8: Seguridad | D8: config/server.php, líneas 21 (SECRET_KEY) y 24 (SECRET_IV). | E8: 4 | F8: 3 | G8: =E8*F8 -> 12 | H8: =IF(G8>=20,"Crítico",IF(G8>=15,"Alto",IF(G8>=8,"Medio","Bajo"))) -> Medio | I8: Clave y vector fijos y públicos; quien los vea puede descifrar lo que el sistema cifre. | J8: Mitigar | K8: Generar nuevas claves, sacarlas del código y volver a cifrar la información que dependa de las anteriores.
A9: R05 | B9: Conexión a la BD con usuario root y sin contraseña, repetida en varios archivos. | C9: Seguridad | D9: config/server.php:8-10; Modelos/importExcel.php:33-34; ImportarExcel/insertarCatalogo.php:10-11; ImportarExcel/insertarUsuarios.php:10-11. | E9: 4 | F9: 4 | G9: =E9*F9 -> 16 | H9: =IF(G9>=20,"Crítico",IF(G9>=15,"Alto",IF(G9>=8,"Medio","Bajo"))) -> Alto | I9: root sin contraseña en 4 archivos; si se despliega tal cual, cualquiera con acceso al servidor controla la BD. | J9: Evitar | K9: Crear un usuario de BD con privilegios mínimos y contraseña, y centralizar la conexión en un solo archivo en lugar de 4.
A10: R06 | B10: Documentos personales de alumnos y bases de datos con registros publicados en un repositorio público. | C10: Seguridad | D10: Carpetas Kardex/ (5 PDF), IMSS/ (5 PDF), Servicio/ (4 PDF), Documentos/ (9+ PDF) y 3 archivos .sql con INSERT INTO. | E10: 5 | F10: 5 | G10: =E10*F10 -> 25 | H10: =IF(G10>=20,"Crítico",IF(G10>=15,"Alto",IF(G10>=8,"Medio","Bajo"))) -> Crítico | I10: Ya está ocurriendo: PDF de kardex, IMSS y cartas, más 3 .sql con datos, están publicados. Es el riesgo más grave. | J10: Evitar | K10: Retirar del repositorio los PDF y los .sql con datos reales, purgar el historial (git filter-repo) y trabajar con datos ficticios.
A11: R07 | B11: Incumplimiento de la Ley Federal de Protección de Datos Personales: se manejan datos personales sin aviso de privacidad ni medidas de protección. | C11: Legal | D11: Columnas numIMSS, fechanac, direccion, telefono, correo en tablas usuarios y datosestudiante (archivos .sql). | E11: 4 | F11: 5 | G11: =E11*F11 -> 20 | H11: =IF(G11>=20,"Crítico",IF(G11>=15,"Alto",IF(G11>=8,"Medio","Bajo"))) -> Crítico | I11: Se manejan datos personales (numIMSS, fechanac, direccion) sin aviso de privacidad ni medidas de seguridad; riesgo de sanciones. | J11: Mitigar | K11: Redactar el aviso de privacidad, designar a un responsable de datos, minimizar los datos recabados y aplicar cifrado y control de acceso.
A12: R08 | B12: Repositorio sin licencia declarada: no queda claro si se puede usar, modificar o distribuir. | C12: Legal | D12: No existe LICENSE en la raíz del proyecto ni en la página de GitHub (solo licencias de librerías de terceros). | E12: 5 | F12: 3 | G12: =E12*F12 -> 15 | H12: =IF(G12>=20,"Crítico",IF(G12>=15,"Alto",IF(G12>=8,"Medio","Bajo"))) -> Alto | I12: Sin licencia no hay derecho claro a usar, modificar o distribuir; el problema es seguro pero se resuelve contactando al autor. | J12: Evitar | K12: No adoptar el código hasta obtener una licencia o autorización escrita del autor. Si no la otorga, reescribir el sistema.
A13: R09 | B13: PHP 7.2.34 sin soporte oficial desde el 30-nov-2020. | C13: Técnico | D13: Encabezado de los 3 archivos .sql (PHP 7.2.34, phpMyAdmin 5.0.3, MariaDB 10.4.14). | E13: 5 | F13: 4 | G13: =E13*F13 -> 20 | H13: =IF(G13>=20,"Crítico",IF(G13>=15,"Alto",IF(G13>=8,"Medio","Bajo"))) -> Crítico | I13: PHP 7.2 sin parches desde 2020; casi seguro hay vulnerabilidades sin corregir en todo el sistema. | J13: Mitigar | K13: Migrar a una versión de PHP con soporte (8.2 o superior), correr un análisis de compatibilidad y aislar el servidor mientras tanto.
A14: R10 | B14: PHPExcel 1.8.0 (2014) abandonada y duplicada en dos carpetas. | C14: Técnico | D14: impExcel/Classes/PHPExcel.php y Modelos/PHPExcel/Classes/PHPExcel.php. | E14: 4 | F14: 3 | G14: =E14*F14 -> 12 | H14: =IF(G14>=20,"Crítico",IF(G14>=15,"Alto",IF(G14>=8,"Medio","Bajo"))) -> Medio | I14: Librería abandonada y duplicada; afecta importar y exportar Excel, no todo el sistema. | J14: Evitar | K14: Sustituir PHPExcel por PhpSpreadsheet y eliminar la copia duplicada.
A15: R11 | B15: Frontend con jQuery 1.9.1, Bootstrap 3.3.7 y AdminLTE 2.4.0 fuera de soporte. | C15: Técnico | D15: ImportarExcel/jquery.js; Vistas/bower_components/bootstrap/; Vistas/dist/js/adminlte.js (~6,800 archivos en bower_components). | E15: 4 | F15: 3 | G15: =E15*F15 -> 12 | H15: =IF(G15>=20,"Crítico",IF(G15>=15,"Alto",IF(G15>=8,"Medio","Bajo"))) -> Medio | I15: Frontend fuera de soporte con XSS conocidos; actualizarlo es costoso por el tamaño de bower_components. | J15: Aceptar | K15: Aceptar temporalmente: mantener el frontend actual solo en red interna hasta la reingeniería; en esa fase migrar a jQuery 3.x y Bootstrap 5.
A16: R12 | B16: Librerías desactualizadas con posibles vulnerabilidades (SheetJS 0.15.4, TCPDF 6.2.6, PHPMailer 6.3.0). | C16: Técnico | D16: ImportarExcel/xlsx.js; tcpdf/; PHPMailer/. | E16: 3 | F16: 3 | G16: =E16*F16 -> 9 | H16: =IF(G16>=20,"Crítico",IF(G16>=15,"Alto",IF(G16>=8,"Medio","Bajo"))) -> Medio | I16: Versiones viejas con vulnerabilidades posibles; la exposición depende de cómo se usen. | J16: Mitigar | K16: Actualizar PHPMailer y TCPDF (o migrar a tc-lib-pdf) y reemplazar SheetJS, administrando todo con Composer.
... A20: R16 | B20: Gestión de la configuración deficiente: sin .gitignore ni CI, 3 versiones de la BD en la raíz, credenciales repetidas y commits sin convención. | C20: Proyecto | D20: Sin .gitignore ni .github/; sistemacontrolescolar.sql, sistemacontrolescolar 2.sql, sistemacontrolescolar 11-06-2021.sql; mensajes como "2". | E20: 4 | F20: 3 | G20: =E20*F20 -> 12 | H20: =IF(G20>=20,"Crítico",IF(G20>=15,"Alto",IF(G20>=8,"Medio","Bajo"))) -> Medio | I20: Sin .gitignore ni CI, tres versiones de la BD y credenciales repetidas facilitan nuevas fugas y errores. | J20: Mitigar | K20: Agregar .gitignore, dejar una sola versión de la BD (con migraciones), definir convención de commits y configurar CI básico.
A22: Nota: los valores de Probabilidad e Impacto (azul) son editables; Exposición y Nivel se recalculan solos.

Sheet Escalas y resumen
A1: Escalas de valoración
A3: Valor | B3: Probabilidad | C3: Impacto
A4: 1 | B4: Muy improbable | C4: Insignificante
A5: 2 | B5: Poco probable | C5: Menor: molestia, se corrige fácil
A6: 3 | B6: Posible | C6: Moderado: afecta una función o requiere retrabajo
A7: 4 | B7: Probable | C7: Grave: afecta datos o el servicio, con costo alto
A8: 5 | B8: Casi seguro | C8: Crítico: fuga de datos, sanciones o sistema inservible
A10: Niveles de exposición
A11: Nivel | B11: Rango de exposición | C11: Riesgos (cantidad)
A12: Crítico | B12: 20 a 25 | C12: =COUNTIF('Matriz de riesgos'!H5:H20,"Crítico") -> 6
A13: Alto | B13: 15 a 19 | C13: =COUNTIF('Matriz de riesgos'!H5:H20,"Alto") -> 3
A14: Medio | B14: 8 a 14 | C14: =COUNTIF('Matriz de riesgos'!H5:H20,"Medio") -> 7
A15: Bajo | B15: 1 a 7 | C15: =COUNTIF('Matriz de riesgos'!H5:H20,"Bajo") -> 0
A17: Riesgos por categoría
A18: Categoría | B18: Cantidad | C18: Exposición promedio
A19: Técnico | B19: =COUNTIF('Matriz de riesgos'!C5:C20,A19) -> 5 | C19: =AVERAGEIF('Matriz de riesgos'!C5:C20,A19,'Matriz de riesgos'!G5:G20) -> 13.6
A20: Seguridad | B20: =COUNTIF('Matriz de riesgos'!C5:C20,A20) -> 6 | C20: =AVERAGEIF('Matriz de riesgos'!C5:C20,A20,'Matriz de riesgos'!G5:G20) -> 17.5
A21: Legal | B21: =COUNTIF('Matriz de riesgos'!C5:C20,A21) -> 2 | C21: =AVERAGEIF('Matriz de riesgos'!C5:C20,A21,'Matriz de riesgos'!G5:G20) -> 17.5
A22: Proyecto | B22: =COUNTIF('Matriz de riesgos'!C5:C20,A22) -> 3 | C22: =AVERAGEIF('Matriz de riesgos'!C5:C20,A22,'Matriz de riesgos'!G5:G20) -> 14
A25: Conteo de riesgos por celda (base del mapa de calor)
A26: Impacto ↓ / Probabilidad → | B26: 1 | C26: 2 | D26: 3 | E26: 4 | F26: 5
A27: 5 | B27: =COUNTIFS('Matriz de riesgos'!$E$5:$E$20,1,'Matriz de riesgos'!$F$5:$F$20,5) -> 0 | C27: =COUNTIFS('Matriz de riesgos'!$E$5:$E$20,2,'Matriz de riesgos'!$F$5:$F$20,5) -> 0 | D27: =COUNTIFS('Matriz de riesgos'!$E$5:$E$20,3,'Matriz de riesgos'!$F$5:$F$20,5) -> 0 | E27: =COUNTIFS('Matriz de riesgos'!$E$5:$E$20,4,'Matriz de riesgos'!$F$5:$F$20,5) -> 3 | F27: =COUNTIFS('Matriz de riesgos'!$E$5:$E$20,5,'Matriz de riesgos'!$F$5:$F$20,5) -> 1
A28: 4 | B28: =COUNTIFS('Matriz de riesgos'!$E$5:$E$20,1,'Matriz de riesgos'!$F$5:$F$20,4) -> 0 | C28: =COUNTIFS('Matriz de riesgos'!$E$5:$E$20,2,'Matriz de riesgos'!$F$5:$F$20,4) -> 0 | D28: =COUNTIFS('Matriz de riesgos'!$E$5:$E$20,3,'Matriz de riesgos'!$F$5:$F$20,4) -> 0 | E28: =COUNTIFS('Matriz de riesgos'!$E$5:$E$20,4,'Matriz de riesgos'!$F$5:$F$20,4) -> 1 | F28: =COUNTIFS('Matriz de riesgos'!$E$5:$E$20,5,'Matriz de riesgos'!$F$5:$F$20,4) -> 2
A29: 3 | B29: =COUNTIFS('Matriz de riesgos'!$E$5:$E$20,1,'Matriz de riesgos'!$F$5:$F$20,3) -> 0 | C29: =COUNTIFS('Matriz de riesgos'!$E$5:$E$20,2,'Matriz de riesgos'!$F$5:$F$20,3) -> 0 | D29: =COUNTIFS('Matriz de riesgos'!$E$5:$E$20,3,'Matriz de riesgos'!$F$5:$F$20,3) -> 1 | E29: =COUNTIFS('Matriz de riesgos'!$E$5:$E$20,4,'Matriz de riesgos'!$F$5:$F$20,3) -> 5 | F29: =COUNTIFS('Matriz de riesgos'!$E$5:$E$20,5,'Matriz de riesgos'!$F$5:$F$20,3) -> 2
A30: 2 | B30: =COUNTIFS('Matriz de riesgos'!$E$5:$E$20,1,'Matriz de riesgos'!$F$5:$F$20,2) -> 0 | C30: =COUNTIFS('Matriz de riesgos'!$E$5:$E$20,2,'Matriz de riesgos'!$F$5:$F$20,2) -> 0 | D30: =COUNTIFS('Matriz de riesgos'!$E$5:$E$20,3,'Matriz de riesgos'!$F$5:$F$20,2) -> 0 | E30: =COUNTIFS('Matriz de riesgos'!$E$5:$E$20,4,'Matriz de riesgos'!$F$5:$F$20,2) -> 0 | F30: =COUNTIFS('Matriz de riesgos'!$E$5:$E$20,5,'Matriz de riesgos'!$F$5:$F$20,2) -> 1
A31: 1 | B31: =COUNTIFS('Matriz de riesgos'!$E$5:$E$20,1,'Matriz de riesgos'!$F$5:$F$20,1) -> 0 | C31: =COUNTIFS('Matriz de riesgos'!$E$5:$E$20,2,'Matriz de riesgos'!$F$5:$F$20,1) -> 0 | D31: =COUNTIFS('Matriz de riesgos'!$E$5:$E$20,3,'Matriz de riesgos'!$F$5:$F$20,1) -> 0 | E31: =COUNTIFS('Matriz de riesgos'!$E$5:$E$20,4,'Matriz de riesgos'!$F$5:$F$20,1) -> 0 | F31: =COUNTIFS('Matriz de riesgos'!$E$5:$E$20,5,'Matriz de riesgos'!$F$5:$F$20,1) -> 0
